Workbook

Sheet Dashboard
A1: Dashboard de inserción - Gemelo Digital
A2: Uso ejecutivo diario: estado del gemelo, avance de contactos, sesiones, aceptación y adopción operativa.
A4: Usuarios registrados =COUNTA(Usuarios!B2:B201) | C4: Contactados =COUNTIF(Usuarios!K2:K201,"E - Contactado")+COUNTIF(Usuarios!K2:K201,"P - Programado")+COUNTIF(Usuarios!K2:K201,"R - Reunión realizada")+COUNTIF(Usuarios!K2:K201,"C - Cerrado")+COUNTIF(Usuarios!K2:K201,"A - Activo") | E4: Sesiones realizadas =COUNTIF(Usuarios!K2:K201,"R - Reunión realizada") | G4: Calificación promedio =IFERROR(AVERAGEIF(Usuarios!N2:N201,">0"),"")
A8: Reporte diario sugerido
A9: Fecha | B9: Gemelo estable | C9: Usuarios contactados | D9: Sesiones realizadas | E9: Calificación promedio | F9: Solicitudes escaladas | G9: Casos de uso | H9: Mensaje ejecutivo
A10: 46221 | B10: =IF(COUNTIFS(Interacciones!$A:$A,A10,Interacciones!$P:$P,"No")>0,"No","Sí") | C10: =COUNTIFS(Interacciones!$A:$A,A10,Interacciones!$G:$G,"E - Contactado") | D10: =COUNTIFS(Interacciones!$A:$A,A10,Interacciones!$G:$G,"R - Reunión realizada") | E10: =IFERROR(AVERAGEIFS(Interacciones!$I:$I,Interacciones!$A:$A,A10,Interacciones!$I:$I,">0"),"") | F10: =COUNTIFS(Interacciones!$A:$A,A10,Interacciones!$G:$G,"ES - Solicitud escalada") | G10: =COUNTIFS(Interacciones!$A:$A,A10,Interacciones!$O:$O,"<>") | H10: =IF(B10="Sí","Gemelo estable. ","Gemelo con observación. ")&C10&" usuarios contactados. "&D10&" sesiones realizadas. Calificación promedio: "&IF(E10="","N/D",TEXT(E10,"0.0")&"/5")&"."
A11: 46222 | B11: =IF(COUNTIFS(Interacciones!$A:$A,A11,Interacciones!$P:$P,"No")>0,"No","Sí") | C11: =COUNTIFS(Interacciones!$A:$A,A11,Interacciones!$G:$G,"E - Contactado") | D11: =COUNTIFS(Interacciones!$A:$A,A11,Interacciones!$G:$G,"R - Reunión realizada") | E11: =IFERROR(AVERAGEIFS(Interacciones!$I:$I,Interacciones!$A:$A,A11,Interacciones!$I:$I,">0"),"") | F11: =COUNTIFS(Interacciones!$A:$A,A11,Interacciones!$G:$G,"ES - Solicitud escalada") | G11: =COUNTIFS(Interacciones!$A:$A,A11,Interacciones!$O:$O,"<>") | H11: =IF(B11="Sí","Gemelo estable. ","Gemelo con observación. ")&C11&" usuarios contactados. "&D11&" sesiones realizadas. Calificación promedio: "&IF(E11="","N/D",TEXT(E11,"0.0")&"/5")&"."
A12: 46223 | B12: =IF(COUNTIFS(Interacciones!$A:$A,A12,Interacciones!$P:$P,"No")>0,"No","Sí") | C12: =COUNTIFS(Interacciones!$A:$A,A12,Interacciones!$G:$G,"E - Contactado") | D12: =COUNTIFS(Interacciones!$A:$A,A12,Interacciones!$G:$G,"R - Reunión realizada") | E12: =IFERROR(AVERAGEIFS(Interacciones!$I:$I,Interacciones!$A:$A,A12,Interacciones!$I:$I,">0"),"") | F12: =COUNTIFS(Interacciones!$A:$A,A12,Interacciones!$G:$G,"ES - Solicitud escalada") | G12: =COUNTIFS(Interacciones!$A:$A,A12,Interacciones!$O:$O,"<>") | H12: =IF(B12="Sí","Gemelo estable. ","Gemelo con observación. ")&C12&" usuarios contactados. "&D12&" sesiones realizadas. Calificación promedio: "&IF(E12="","N/D",TEXT(E12,"0.0")&"/5")&"."
A13: 46224 | B13: =IF(COUNTIFS(Interacciones!$A:$A,A13,Interacciones!$P:$P,"No")>0,"No","Sí") | C13: =COUNTIFS(Interacciones!$A:$A,A13,Interacciones!$G:$G,"E - Contactado") | D13: =COUNTIFS(Interacciones!$A:$A,A13,Interacciones!$G:$G,"R - Reunión realizada") | E13: =IFERROR(AVERAGEIFS(Interacciones!$I:$I,Interacciones!$A:$A,A13,Interacciones!$I:$I,">0"),"") | F13: =COUNTIFS(Interacciones!$A:$A,A13,Interacciones!$G:$G,"ES - Solicitud escalada") | G13: =COUNTIFS(Interacciones!$A:$A,A13,Interacciones!$O:$O,"<>") | H13: =IF(B13="Sí","Gemelo estable. ","Gemelo con observación. ")&C13&" usuarios contactados. "&D13&" sesiones realizadas. Calificación promedio: "&IF(E13="","N/D",TEXT(E13,"0.0")&"/5")&"."
A14: 46225 | B14: =IF(COUNTIFS(Interacciones!$A:$A,A14,Interacciones!$P:$P,"No")>0,"No","Sí") | C14: =COUNTIFS(Interacciones!$A:$A,A14,Interacciones!$G:$G,"E - Contactado") | D14: =COUNTIFS(Interacciones!$A:$A,A14,Interacciones!$G:$G,"R - Reunión realizada") | E14: =IFERROR(AVERAGEIFS(Interacciones!$I:$I,Interacciones!$A:$A,A14,Interacciones!$I:$I,">0"),"") | F14: =COUNTIFS(Interacciones!$A:$A,A14,Interacciones!$G:$G,"ES - Solicitud escalada") | G14: =COUNTIFS(Interacciones!$A:$A,A14,Interacciones!$O:$O,"<>") | H14: =IF(B14="Sí","Gemelo estable. ","Gemelo con observación. ")&C14&" usuarios contactados. "&D14&" sesiones realizadas. Calificación promedio: "&IF(E14="","N/D",TEXT(E14,"0.0")&"/5")&"."
A15: 46226 | B15: =IF(COUNTIFS(Interacciones!$A:$A,A15,Interacciones!$P:$P,"No")>0,"No","Sí") | C15: =COUNTIFS(Interacciones!$A:$A,A15,Interacciones!$G:$G,"E - Contactado") | D15: =COUNTIFS(Interacciones!$A:$A,A15,Interacciones!$G:$G,"R - Reunión realizada") | E15: =IFERROR(AVERAGEIFS(Interacciones!$I:$I,Interacciones!$A:$A,A15,Interacciones!$I:$I,">0"),"") | F15: =COUNTIFS(Interacciones!$A:$A,A15,Interacciones!$G:$G,"ES - Solicitud escalada") | G15: =COUNTIFS(Interacciones!$A:$A,A15,Interacciones!$O:$O,"<>") | H15: =IF(B15="Sí","Gemelo estable. ","Gemelo con observación. ")&C15&" usuarios contactados. "&D15&" sesiones realizadas. Calificación promedio: "&IF(E15="","N/D",TEXT(E15,"0.0")&"/5")&"."
A16: 46227 | B16: =IF(COUNTIFS(Interacciones!$A:$A,A16,Interacciones!$P:$P,"No")>0,"No","Sí") | C16: =COUNTIFS(Interacciones!$A:$A,A16,Interacciones!$G:$G,"E - Contactado") | D16: =COUNTIFS(Interacciones!$A:$A,A16,Interacciones!$G:$G,"R - Reunión realizada") | E16: =IFERROR(AVERAGEIFS(Interacciones!$I:$I,Interacciones!$A:$A,A16,Interacciones!$I:$I,">0"),"") | F16: =COUNTIFS(Interacciones!$A:$A,A16,Interacciones!$G:$G,"ES - Solicitud escalada") | G16: =COUNTIFS(Interacciones!$A:$A,A16,Interacciones!$O:$O,"<>") | H16: =IF(B16="Sí","Gemelo estable. ","Gemelo con observación. ")&C16&" usuarios contactados. "&D16&" sesiones realizadas. Calificación promedio: "&IF(E16="","N/D",TEXT(E16,"0.0")&"/5")&"."
A19: Indicadores de adopción
A20: Cobertura de contacto | B20: =IFERROR(C5/A5,0) | C20: Contactados / usuarios registrados
A21: Cobertura de inducción | B21: =IFERROR(E5/A5,0) | C21: Sesiones realizadas / usuarios registrados
A22: Usuarios activos | B22: =COUNTIF(Usuarios!K2:K201,"A - Activo") | C22: Estado A - Activo
A23: Casos de uso identificados | B23: =COUNTIF(Usuarios!S2:S201,"<>") | C23: Procesos documentados
A24: Solicitudes escaladas | B24: =COUNTIF(Usuarios!K2:K201,"ES - Solicitud escalada") | C24: Escalamiento formal

Sheet Usuarios
A1: ID | B1: Nombre | C1: Apellido | D1: Correo electrónico | E1: Cargo | F1: Área | G1: Régimen | H1: Fecha primer contacto | I1: Fecha última interacción | J1: Medio último contacto | K1: Estado | L1: Fecha reunión | M1: Duración reunión (min) | N1: Calificación | O1: Último acceso conocido | P1: Observaciones | Q1: Próxima acción | R1: Fecha próxima acción | S1: Caso de uso identificado | T1: Responsable seguimiento | U1: Grabación autorizada | V1: Link grabación
A2: 1 | B2: Usuario | C2: Ejemplo | D2: usuario.ejemplo@cliente.com | E2: Supervisor | F2: Operaciones Mina | G2: 4x3 | H2: 46221 | I2: 46221 | J2: Teams | K2: E - Contactado | P2: Pendiente agendar sesión | Q2: Coordinar inducción | R2: 46222 | S2: Reparto de guardia | T2: John Ramos | U2: No
A3: 2
A4: 3
A5: 4
A6: 5
A7: 6
A8: 7
A9: 8
A10: 9
A11: 10
A12: 11
A13: 12
A14: 13
... A201: 200

Sheet Interacciones
A1: Fecha | B1: Usuario ID | C1: Nombre usuario | D1: Área | E1: Medio | F1: Tipo interacción | G1: Estado resultado | H1: Minutos | I1: Calificación | J1: Observación clave | K1: Solicitud recibida | L1: Escalado a | M1: Próxima acción | N1: Fecha próxima acción | O1: Caso de uso | P1: Gemelo estable
C2: =IFERROR(VLOOKUP(B2,Usuarios!$A:$V,2,FALSE)&" "&VLOOKUP(B2,Usuarios!$A:$V,3,FALSE),"") | D2: =IFERROR(VLOOKUP(B2,Usuarios!$A:$V,6,FALSE),"")
C3: =IFERROR(VLOOKUP(B3,Usuarios!$A:$V,2,FALSE)&" "&VLOOKUP(B3,Usuarios!$A:$V,3,FALSE),"") | D3: =IFERROR(VLOOKUP(B3,Usuarios!$A:$V,6,FALSE),"")
C4: =IFERROR(VLOOKUP(B4,Usuarios!$A:$V,2,FALSE)&" "&VLOOKUP(B4,Usuarios!$A:$V,3,FALSE),"") | D4: =IFERROR(VLOOKUP(B4,Usuarios!$A:$V,6,FALSE),"")
C5: =IFERROR(VLOOKUP(B5,Usuarios!$A:$V,2,FALSE)&" "&VLOOKUP(B5,Usuarios!$A:$V,3,FALSE),"") | D5: =IFERROR(VLOOKUP(B5,Usuarios!$A:$V,6,FALSE),"")
C6: =IFERROR(VLOOKUP(B6,Usuarios!$A:$V,2,FALSE)&" "&VLOOKUP(B6,Usuarios!$A:$V,3,FALSE),"") | D6: =IFERROR(VLOOKUP(B6,Usuarios!$A:$V,6,FALSE),"")
C7: =IFERROR(VLOOKUP(B7,Usuarios!$A:$V,2,FALSE)&" "&VLOOKUP(B7,Usuarios!$A:$V,3,FALSE),"") | D7: =IFERROR(VLOOKUP(B7,Usuarios!$A:$V,6,FALSE),"")
C8: =IFERROR(VLOOKUP(B8,Usuarios!$A:$V,2,FALSE)&" "&VLOOKUP(B8,Usuarios!$A:$V,3,FALSE),"") | D8: =IFERROR(VLOOKUP(B8,Usuarios!$A:$V,6,FALSE),"")
C9: =IFERROR(VLOOKUP(B9,Usuarios!$A:$V,2,FALSE)&" "&VLOOKUP(B9,Usuarios!$A:$V,3,FALSE),"") | D9: =IFERROR(VLOOKUP(B9,Usuarios!$A:$V,6,FALSE),"")
C10: =IFERROR(VLOOKUP(B10,Usuarios!$A:$V,2,FALSE)&" "&VLOOKUP(B10,Usuarios!$A:$V,3,FALSE),"") | D10: =IFERROR(VLOOKUP(B10,Usuarios!$A:$V,6,FALSE),"")
C11: =IFERROR(VLOOKUP(B11,Usuarios!$A:$V,2,FALSE)&" "&VLOOKUP(B11,Usuarios!$A:$V,3,FALSE),"") | D11: =IFERROR(VLOOKUP(B11,Usuarios!$A:$V,6,FALSE),"")
C12: =IFERROR(VLOOKUP(B12,Usuarios!$A:$V,2,FALSE)&" "&VLOOKUP(B12,Usuarios!$A:$V,3,FALSE),"") | D12: =IFERROR(VLOOKUP(B12,Usuarios!$A:$V,6,FALSE),"")
C13: =IFERROR(VLOOKUP(B13,Usuarios!$A:$V,2,FALSE)&" "&VLOOKUP(B13,Usuarios!$A:$V,3,FALSE),"") | D13: =IFERROR(VLOOKUP(B13,Usuarios!$A:$V,6,FALSE),"")
... C301: =IFERROR(VLOOKUP(B301,Usuarios!$A:$V,2,FALSE)&" "&VLOOKUP(B301,Usuarios!$A:$V,3,FALSE),"") | D301: =IFERROR(VLOOKUP(B301,Usuarios!$A:$V,6,FALSE),"")

Sheet Catalogos
A1: Estados | B1: Medios | C1: Areas | D1: Regimen | E1: Calificacion | F1: SiNo
A2: E - Contactado | B2: Correo | C2: Operaciones Mina | D2: Administrativo | E2: 1 | F2: Sí
A3: P - Programado | B3: Teams | C3: Geotecnia | D3: 4x3 | E3: 2 | F3: No
A4: R - Reunión realizada | B4: Llamada | C4: Perforación y Voladura | D4: 7x7 | E4: 3
A5: NR - Sin respuesta | B5: Reunión Teams | C5: Desarrollo Mina | D5: 14x7 | E5: 4
A6: RC - Requiere contacto posterior | B6: Otro | C6: Planeamiento | D6: Otro | E6: 5
A7: O - Observaciones | C7: Mantenimiento
A8: ES - Solicitud escalada | C8: IM
A9: C - Cerrado | C9: Contratistas
A10: A - Activo | C10: Gerencia
A11: I - Inactivo | C11: Otra
