Workbook

Sheet Propuesta Modelo
B1: PLANTILLA DE PROPUESTA ECONÓMICA — completar Cantidad y HH por mes por perfil; el costo/hora se trae automáticamente de la hoja 'costos'.
E3: MES - Personal | M3: MES - Personal total | R3: Dolar | S3: 3.5
B4: Profesional | C4: Cantidad | D4: Unidad | E4: 1 | F4: 2 | G4: 3 | H4: 4 | J4: Profesional | K4: Cantidad | L4: Unidad | M4: 1 | N4: 2 | O4: 3 | P4: 4 | R4: Costo Horario | AD4: MES 1 | AE4: MES 2 | AF4: MES 3 | AG4: MES 4
A5: 1 | B5: Líder del Proyecto | C5: 1 | D5: HH | J5: =B5 | K5: =C5 | L5: HH | M5: =E5*$K5 | N5: =F5*$K5 | O5: =G5*$K5 | P5: =H5*$K5 | R5: =VLOOKUP(B5,costos!$B:$C,2,0) | AD5: =+SUMPRODUCT(M5:M13,$R$5:$R$13) | AE5: =+SUMPRODUCT(N5:N13,$R$5:$R$13) | AF5: =+SUMPRODUCT(O5:O13,$R$5:$R$13) | AG5: =+SUMPRODUCT(P5:P13,$R$5:$R$13)
A6: 2 | B6: Ingeniero de Datos | C6: 1 | D6: HH | J6: =B6 | K6: =C6 | L6: HH | M6: =E6*$K6 | N6: =F6*$K6 | O6: =G6*$K6 | P6: =H6*$K6 | R6: =VLOOKUP(B6,costos!$B:$C,2,0)
A7: 3 | B7: Desarrollador Backend | C7: 1 | D7: HH | J7: =B7 | K7: =C7 | L7: HH | M7: =E7*$K7 | N7: =F7*$K7 | O7: =G7*$K7 | P7: =H7*$K7 | R7: =VLOOKUP(B7,costos!$B:$C,2,0)
A8: 4 | B8: Científico de Datos / Modelador de Reglas | C8: 1 | D8: HH | J8: =B8 | K8: =C8 | L8: HH | M8: =E8*$K8 | N8: =F8*$K8 | O8: =G8*$K8 | P8: =H8*$K8 | R8: =VLOOKUP(B8,costos!$B:$C,2,0)
A9: 5 | B9: Modelador 3D / CAD Industrial | C9: 1 | D9: HH | J9: =B9 | K9: =C9 | L9: HH | M9: =E9*$K9 | N9: =F9*$K9 | O9: =G9*$K9 | P9: =H9*$K9 | R9: =VLOOKUP(B9,costos!$B:$C,2,0)
A10: 6 | B10: Desarrollador Frontend 3D | C10: 1 | D10: HH | J10: =B10 | K10: =C10 | L10: HH | M10: =E10*$K10 | N10: =F10*$K10 | O10: =G10*$K10 | P10: =H10*$K10 | R10: =VLOOKUP(B10,costos!$B:$C,2,0)
A11: 7 | B11: Diseñador UX/UI Industrial | C11: 1 | D11: HH | J11: =B11 | K11: =C11 | L11: HH | M11: =E11*$K11 | N11: =F11*$K11 | O11: =G11*$K11 | P11: =H11*$K11 | R11: =VLOOKUP(B11,costos!$B:$C,2,0)
A12: 8 | B12: QA / Tester | C12: 1 | D12: HH | J12: =B12 | K12: =C12 | L12: HH | M12: =E12*$K12 | N12: =F12*$K12 | O12: =G12*$K12 | P12: =H12*$K12 | R12: =VLOOKUP(B12,costos!$B:$C,2,0)
A13: 9 | B13: Documentador/ Soporte / Capacitación | C13: 1 | D13: HH | J13: =B13 | K13: =C13 | L13: HH | M13: =E13*$K13 | N13: =F13*$K13 | O13: =G13*$K13 | P13: =H13*$K13 | R13: =VLOOKUP(B13,costos!$B:$C,2,0)
J14: Sub Total | L14: USD | M14: =+$R$17 | N14: =+$R$17 | O14: =+$R$17 | P14: =+$R$17
J15: Costos indirectos | K15: 0.1 | L15: USD | M15: =+$K$15*M14 | N15: =+$K$15*N14 | O15: =+$K$15*O14 | P15: =+$K$15*P14
J16: Gastos administrativos | K16: 0.1 | L16: USD | M16: =M14*$K$16 | N16: =N14*$K$16 | O16: =O14*$K$16 | P16: =P14*$K$16
J17: Sub Total | L17: USD | M17: =SUM(M14:M16) | N17: =SUM(N14:N16) | O17: =SUM(O14:O16) | P17: =SUM(P14:P16) | R17: =+SUM(AD5:AG5)/4
J18: Utilidad | K18: 0.1 | L18: USD | M18: =M17*$K$18 | N18: =N17*$K$18 | O18: =O17*$K$18 | P18: =P17*$K$18 | R18: =+P19/P14
J19: Costo total mensual | L19: USD | M19: =SUM(M17:M18) | N19: =SUM(N17:N18) | O19: =SUM(O17:O18) | P19: =SUM(P17:P18)
J20: Total | L20: USD | P20: =+SUM(M19:P19)
O25: USD/MES | P25: =+P20/4
O26: USD/HH | P26: =+P20/SUM(M5:P13)
O27: USD/PERS | P27: =+(P20/SUM(K5:K13))/4

Sheet costos
B1: Profesional | C1: USD/HH
B2: Líder del Proyecto | C2: 32
B3: Ingeniero de Datos | C3: 25
B4: Desarrollador Backend | C4: 25
B5: Científico de Datos / Modelador de Reglas | C5: 28
B6: Modelador 3D / CAD Industrial | C6: 18
B7: Desarrollador Frontend 3D | C7: 20
B8: Diseñador UX/UI Industrial | C8: 18
B9: QA / Tester | C9: 22
B10: Documentador/ Soporte / Capacitación | C10: 15

Sheet Resumen Mensual
A1: Mes | B1: N° Personas | C1: Horas | D1: Costo Horario Promedio (USD/HH) | E1: Costo Mano de Obra (USD) | F1: Costo Total con Overhead (USD)
A2: Mes 1 | B2: =SUMPRODUCT(('Propuesta Modelo'!M5:M13>0)*'Propuesta Modelo'!$K$5:$K$13) | C2: =SUM('Propuesta Modelo'!M5:M13) | D2: =IF(C2=0,0,E2/C2) | E2: ='Propuesta Modelo'!AD5 | F2: =E2*(1+'Propuesta Modelo'!$K$15+'Propuesta Modelo'!$K$16)*(1+'Propuesta Modelo'!$K$18)
A3: Mes 2 | B3: =SUMPRODUCT(('Propuesta Modelo'!N5:N13>0)*'Propuesta Modelo'!$K$5:$K$13) | C3: =SUM('Propuesta Modelo'!N5:N13) | D3: =IF(C3=0,0,E3/C3) | E3: ='Propuesta Modelo'!AE5 | F3: =E3*(1+'Propuesta Modelo'!$K$15+'Propuesta Modelo'!$K$16)*(1+'Propuesta Modelo'!$K$18)
A4: Mes 3 | B4: =SUMPRODUCT(('Propuesta Modelo'!O5:O13>0)*'Propuesta Modelo'!$K$5:$K$13) | C4: =SUM('Propuesta Modelo'!O5:O13) | D4: =IF(C4=0,0,E4/C4) | E4: ='Propuesta Modelo'!AF5 | F4: =E4*(1+'Propuesta Modelo'!$K$15+'Propuesta Modelo'!$K$16)*(1+'Propuesta Modelo'!$K$18)
A5: Mes 4 | B5: =SUMPRODUCT(('Propuesta Modelo'!P5:P13>0)*'Propuesta Modelo'!$K$5:$K$13) | C5: =SUM('Propuesta Modelo'!P5:P13) | D5: =IF(C5=0,0,E5/C5) | E5: ='Propuesta Modelo'!AG5 | F5: =E5*(1+'Propuesta Modelo'!$K$15+'Propuesta Modelo'!$K$16)*(1+'Propuesta Modelo'!$K$18)
A6: TOTAL PROYECTO | B6: =MAX(B2:B5) | C6: =SUM(C2:C5) | D6: =IF(C6=0,0,E6/C6) | E6: =SUM(E2:E5) | F6: =SUM(F2:F5)
A8: N° Personas = headcount con horas>0 ese mes (no es acumulable entre meses). TOTAL PROYECTO usa el pico (máximo mensual).
